Date,Effective Yield, 
12/31/1996,5.048,
1/2/1997,5.026,
1/3/1997,4.984,
1/6/1997,4.982,
1/7/1997,5.064,
1/8/1997,5.094,
1/9/1997,5.052,
1/10/1997,5.092,
1/13/1997,5.121,
1/14/1997,5.120,
1/15/1997,5.038,
1/16/1997,5.119,
1/17/1997,5.077,
1/20/1997,5.075,
1/21/1997,5.084,
1/22/1997,5.104,
1/23/1997,5.063,
1/24/1997,5.062,
1/27/1997,5.080,
1/28/1997,5.059,
1/29/1997,5.038,
1/30/1997,5.037,
1/31/1997,4.991,
2/3/1997,4.958,
2/4/1997,4.968,
2/5/1997,4.937,
2/6/1997,4.936,
2/7/1997,4.956,
2/10/1997,5.015,
2/11/1997,5.035,
2/12/1997,5.034,
2/13/1997,4.931,
2/14/1997,4.920,
2/18/1997,4.969,
2/19/1997,4.927,
2/20/1997,4.866,
2/21/1997,4.773,
2/24/1997,4.802,
2/25/1997,4.832,
2/26/1997,4.719,
2/27/1997,4.892,
2/28/1997,5.073,
3/3/1997,5.071,
3/4/1997,5.050,
3/5/1997,5.008,
3/6/1997,5.028,
3/7/1997,5.027,
3/10/1997,5.025,
3/11/1997,5.024,
3/12/1997,5.014,
3/13/1997,5.054,
3/14/1997,5.073,
3/17/1997,5.081,
3/18/1997,5.162,
3/19/1997,5.131,
3/20/1997,5.181,
3/21/1997,5.191,
3/24/1997,5.209,
3/25/1997,5.381,
3/26/1997,5.360,
3/27/1997,5.034,
3/31/1997,5.265,
4/1/1997,5.132,
4/2/1997,5.182,
4/3/1997,5.161,
4/4/1997,5.191,
4/7/1997,5.209,
4/8/1997,5.208,
4/9/1997,5.187,
4/10/1997,5.196,
4/11/1997,5.175,
4/14/1997,5.173,
4/15/1997,5.183,
4/16/1997,5.172,
4/17/1997,5.130,
4/18/1997,5.129,
4/21/1997,5.127,
4/22/1997,5.086,
4/23/1997,5.085,
4/24/1997,5.003,
4/25/1997,5.033,
4/28/1997,5.051,
4/29/1997,5.020,
4/30/1997,5.013,
5/1/1997,5.002,
5/2/1997,4.930,
5/5/1997,4.907,
5/6/1997,4.907,
5/7/1997,4.875,
5/8/1997,4.875,
5/9/1997,4.843,
5/12/1997,4.821,
5/13/1997,4.759,
5/14/1997,4.728,
5/15/1997,4.646,
5/16/1997,4.737,
5/19/1997,4.654,
5/20/1997,4.724,
5/21/1997,4.591,
5/22/1997,4.306,
5/23/1997,4.468,
5/27/1997,4.679,
5/28/1997,4.679,
5/29/1997,4.475,
5/30/1997,4.383,
5/31/1997,4.449,
6/2/1997,4.499,
6/3/1997,4.631,
6/4/1997,4.681,
6/5/1997,4.681,
6/6/1997,4.568,
6/9/1997,4.607,
6/10/1997,4.698,
6/11/1997,4.565,
6/12/1997,4.676,
6/13/1997,4.727,
6/16/1997,4.756,
6/17/1997,4.836,
6/18/1997,4.856,
6/19/1997,4.876,
6/20/1997,4.875,
6/23/1997,5.066,
6/24/1997,5.106,
6/25/1997,4.659,
6/26/1997,4.861,
6/27/1997,4.667,
6/30/1997,5.081,
7/1/1997,5.121,
7/2/1997,5.121,
7/3/1997,4.987,
7/7/1997,4.923,
7/8/1997,4.943,
7/9/1997,4.748,
7/10/1997,4.717,
7/11/1997,4.778,
7/14/1997,4.786,
7/15/1997,4.745,
7/16/1997,4.744,
7/17/1997,4.754,
7/18/1997,4.743,
7/21/1997,4.792,
7/22/1997,4.659,
7/23/1997,4.760,
7/24/1997,4.759,
7/25/1997,4.779,
7/28/1997,4.777,
7/29/1997,4.929,
7/30/1997,4.867,
7/31/1997,5.156,
8/1/1997,5.206,
8/4/1997,5.132,
8/5/1997,5.132,
8/6/1997,5.100,
8/7/1997,5.151,
8/8/1997,5.170,
8/11/1997,5.219,
8/12/1997,5.218,
8/13/1997,5.371,
8/14/1997,5.329,
8/15/1997,5.226,
8/18/1997,5.204,
8/19/1997,5.172,
8/20/1997,5.192,
8/21/1997,5.130,
8/22/1997,5.129,
8/25/1997,5.270,
8/26/1997,5.076,
8/27/1997,4.974,
8/28/1997,4.749,
8/29/1997,4.901,
8/31/1997,5.102,
9/2/1997,5.060,
9/3/1997,4.886,
9/4/1997,4.895,
9/5/1997,4.915,
9/8/1997,4.913,
9/9/1997,4.912,
9/10/1997,4.861,
9/11/1997,4.911,
9/12/1997,4.890,
9/15/1997,4.929,
9/16/1997,4.826,
9/17/1997,4.693,
9/18/1997,4.581,
9/19/1997,4.539,
9/22/1997,4.507,
9/23/1997,4.476,
9/24/1997,4.191,
9/25/1997,4.191,
9/26/1997,3.551,
9/29/1997,3.296,
9/30/1997,4.901,
10/1/1997,4.849,
10/2/1997,4.818,
10/3/1997,4.776,
10/6/1997,4.744,
10/7/1997,4.784,
10/8/1997,4.804,
10/9/1997,4.783,
10/10/1997,4.782,
10/13/1997,4.780,
10/14/1997,4.780,
10/15/1997,4.667,
10/16/1997,4.799,
10/17/1997,4.778,
10/20/1997,4.776,
10/21/1997,4.847,
10/22/1997,4.897,
10/23/1997,4.815,
10/24/1997,4.845,
10/27/1997,4.792,
10/28/1997,4.873,
10/29/1997,4.943,
10/30/1997,4.597,
10/31/1997,4.950,
11/3/1997,5.010,
11/4/1997,5.040,
11/5/1997,5.008,
11/6/1997,5.038,
11/7/1997,5.038,
11/10/1997,4.984,
11/11/1997,5.014,
11/12/1997,4.973,
11/13/1997,4.789,
11/14/1997,4.635,
11/17/1997,4.776,
11/18/1997,4.735,
11/19/1997,4.785,
11/20/1997,4.784,
11/21/1997,4.784,
11/24/1997,5.026,
11/25/1997,5.249,
11/26/1997,5.177,
11/27/1997,5.176,
11/28/1997,5.145,
11/30/1997,5.042,
12/1/1997,4.990,
12/2/1997,4.918,
12/3/1997,4.937,
12/4/1997,4.957,
12/5/1997,4.997,
12/8/1997,4.985,
12/9/1997,4.974,
12/10/1997,4.984,
12/11/1997,5.014,
12/12/1997,5.003,
12/15/1997,5.072,
12/16/1997,5.061,
12/17/1997,5.172,
12/18/1997,5.172,
12/19/1997,5.242,
12/22/1997,5.301,
12/23/1997,5.209,
12/24/1997,4.923,
12/26/1997,4.648,
12/29/1997,3.043,
12/30/1997,1.268,
12/31/1997,5.197,
1/2/1998,5.155,
1/5/1998,5.010,
1/6/1998,4.835,
1/7/1998,4.998,
1/8/1998,5.008,
1/9/1998,5.017,
1/12/1998,5.137,
1/13/1998,5.198,
1/14/1998,5.207,
1/15/1998,5.217,
1/16/1998,5.155,
1/19/1998,5.153,
1/20/1998,5.172,
1/21/1998,5.100,
1/22/1998,5.130,
1/23/1998,5.170,
1/26/1998,5.107,
1/27/1998,5.076,
1/28/1998,4.943,
1/29/1998,4.780,
1/30/1998,5.165,
1/31/1998,5.093,
2/2/1998,5.091,
2/3/1998,5.019,
2/4/1998,4.926,
2/5/1998,4.854,
2/6/1998,4.884,
2/9/1998,4.882,
2/10/1998,4.984,
2/11/1998,5.014,
2/12/1998,4.993,
2/13/1998,5.002,
2/16/1998,5.000,
2/17/1998,4.959,
2/18/1998,5.009,
2/19/1998,5.049,
2/20/1998,5.079,
2/23/1998,5.077,
2/24/1998,5.076,
2/25/1998,5.085,
2/26/1998,5.095,
2/27/1998,4.962,
2/28/1998,5.144,
3/2/1998,5.183,
3/3/1998,5.173,
3/4/1998,5.110,
3/5/1998,5.079,
3/6/1998,5.099,
3/9/1998,5.158,
3/10/1998,5.218,
3/11/1998,5.207,
3/12/1998,5.227,
3/13/1998,5.206,
3/16/1998,5.204,
3/17/1998,5.172,
3/18/1998,5.121,
3/19/1998,5.140,
3/20/1998,5.028,
3/23/1998,5.046,
3/24/1998,5.127,
3/25/1998,5.167,
3/26/1998,5.176,
3/27/1998,5.277,
3/30/1998,5.559,
3/31/1998,5.275,
4/1/1998,5.202,
4/2/1998,5.120,
4/3/1998,5.170,
4/6/1998,5.178,
4/7/1998,5.065,
4/8/1998,5.014,
4/9/1998,5.023,
4/13/1998,5.244,
4/14/1998,5.223,
4/15/1998,5.223,
4/16/1998,5.110,
4/17/1998,5.160,
4/20/1998,5.188,
4/21/1998,5.116,
4/22/1998,5.075,
4/23/1998,4.963,
4/24/1998,5.074,
4/27/1998,5.366,
4/28/1998,5.477,
4/29/1998,5.374,
4/30/1998,4.695,
5/1/1998,4.807,
5/4/1998,4.805,
5/5/1998,4.886,
5/6/1998,4.967,
5/7/1998,4.885,
5/8/1998,4.843,
5/11/1998,4.882,
5/12/1998,4.963,
5/13/1998,4.922,
5/14/1998,4.921,
5/15/1998,4.870,
5/18/1998,4.827,
5/19/1998,4.826,
5/20/1998,4.693,
5/21/1998,4.662,
5/22/1998,4.550,
5/25/1998,4.548,
5/26/1998,4.740,
5/27/1998,4.557,
5/28/1998,4.668,
5/29/1998,5.084,
5/31/1998,4.632,
6/1/1998,4.499,
6/2/1998,4.702,
6/3/1998,4.916,
6/4/1998,4.895,
6/5/1998,4.854,
6/8/1998,4.893,
6/9/1998,4.861,
6/10/1998,4.850,
6/11/1998,4.891,
6/12/1998,4.900,
6/15/1998,4.806,
6/16/1998,4.745,
6/17/1998,4.795,
6/18/1998,4.754,
6/19/1998,4.753,
6/22/1998,4.792,
6/23/1998,4.720,
6/24/1998,4.669,
6/25/1998,4.709,
6/26/1998,4.668,
6/29/1998,3.956,
6/30/1998,4.931,
7/1/1998,4.941,
7/2/1998,4.828,
7/3/1998,4.828,
7/6/1998,4.764,
7/7/1998,4.773,
7/8/1998,4.712,
7/9/1998,4.732,
7/10/1998,4.711,
7/13/1998,4.657,
7/14/1998,4.769,
7/15/1998,4.779,
7/16/1998,4.859,
7/17/1998,4.890,
7/20/1998,4.827,
7/21/1998,4.847,
7/22/1998,4.847,
7/23/1998,4.856,
7/24/1998,4.843,
7/27/1998,4.751,
7/28/1998,4.742,
7/29/1998,4.156,
7/30/1998,3.705,
7/31/1998,4.311,
8/3/1998,4.681,
8/4/1998,4.678,
8/5/1998,4.750,
8/6/1998,4.684,
8/7/1998,4.353,
8/10/1998,4.607,
8/11/1998,4.648,
8/12/1998,4.880,
8/13/1998,4.706,
8/14/1998,4.134,
8/17/1998,4.605,
8/18/1998,4.595,
8/19/1998,4.510,
8/20/1998,4.257,
8/21/1998,3.458,
8/24/1998,4.682,
8/25/1998,4.771,
8/26/1998,4.064,
8/27/1998,4.123,
8/28/1998,2.678,
8/31/1998,4.610,
9/1/1998,4.482,
9/2/1998,4.471,
9/3/1998,4.382,
9/4/1998,3.959,
9/7/1998,4.454,
9/8/1998,4.488,
9/9/1998,4.508,
9/10/1998,4.339,
9/11/1998,3.951,
9/14/1998,3.829,
9/15/1998,3.679,
9/16/1998,3.753,
9/17/1998,3.760,
9/18/1998,3.064,
9/21/1998,3.471,
9/22/1998,3.369,
9/23/1998,4.252,
9/24/1998,4.159,
9/25/1998,1.704,
9/28/1998,1.704,
9/29/1998,1.460,
9/30/1998,4.178,
10/1/1998,3.944,
10/2/1998,3.922,
10/5/1998,3.820,
10/6/1998,3.465,
10/7/1998,3.332,
10/8/1998,4.027,
10/9/1998,3.089,
10/12/1998,3.475,
10/13/1998,3.467,
10/14/1998,0.000,
10/15/1998,0.000,
10/16/1998,0.000,
10/19/1998,0.000,
10/20/1998,0.000,
10/21/1998,0.000,
10/22/1998,3.553,
10/23/1998,0.000,
10/26/1998,0.000,
10/27/1998,0.000,
10/28/1998,0.000,
10/29/1998,0.000,
10/30/1998,0.000,
10/31/1998,3.686,
11/2/1998,3.747,
11/3/1998,3.404,
11/4/1998,3.332,
11/5/1998,2.769,
11/6/1998,2.682,
11/9/1998,2.926,
11/10/1998,2.957,
11/11/1998,3.158,
11/12/1998,3.099,
11/13/1998,2.851,
11/16/1998,3.053,
11/17/1998,3.107,
11/18/1998,3.046,
11/19/1998,3.054,
11/20/1998,3.249,
11/23/1998,3.105,
11/24/1998,3.003,
11/25/1998,2.511,
11/26/1998,2.869,
11/27/1998,1.643,
11/30/1998,4.359,
12/1/1998,4.188,
12/2/1998,4.193,
12/3/1998,4.119,
12/4/1998,3.891,
12/7/1998,4.270,
12/8/1998,4.185,
12/9/1998,4.108,
12/10/1998,0.000,
12/11/1998,0.000,
12/14/1998,0.000,
12/15/1998,4.317,
12/16/1998,0.000,
12/17/1998,0.000,
12/18/1998,0.000,
12/21/1998,0.000,
12/22/1998,0.000,
12/23/1998,4.791,
12/24/1998,0.000,
12/28/1998,0.000,
12/29/1998,0.000,
12/30/1998,0.000,
12/31/1998,4.420,
1/4/1999,4.482,
1/5/1999,0.000,
1/6/1999,0.000,
1/7/1999,0.000,
1/8/1999,0.000,
1/11/1999,0.000,
1/12/1999,0.000,
1/13/1999,0.000,
1/14/1999,0.000,
1/15/1999,0.000,
1/18/1999,0.000,
1/19/1999,4.500,
1/20/1999,0.000,
1/21/1999,0.000,
1/22/1999,0.000,
1/25/1999,0.000,
1/26/1999,0.000,
1/27/1999,0.000,
1/28/1999,0.000,
1/29/1999,0.000,
1/31/1999,4.580,
2/1/1999,4.457,
2/2/1999,4.286,
2/3/1999,4.307,
2/4/1999,4.264,
2/5/1999,3.891,
2/8/1999,4.240,
2/9/1999,4.280,
2/10/1999,4.473,
2/11/1999,4.234,
2/12/1999,3.566,
2/15/1999,4.195,
2/16/1999,4.159,
2/17/1999,4.144,
2/18/1999,4.100,
2/19/1999,4.449,
2/22/1999,4.019,
2/23/1999,4.576,
2/24/1999,3.973,
2/25/1999,3.861,
2/26/1999,2.252,
2/28/1999,4.653,
3/1/1999,4.494,
3/2/1999,4.459,
3/3/1999,4.513,
3/4/1999,4.517,
3/5/1999,4.576,
3/8/1999,4.568,
3/9/1999,4.542,
3/10/1999,4.548,
3/11/1999,4.537,
3/12/1999,5.295,
3/15/1999,4.778,
3/16/1999,4.779,
3/17/1999,4.544,
3/18/1999,4.500,
3/19/1999,4.532,
3/22/1999,5.064,
3/23/1999,4.567,
3/24/1999,4.540,
3/25/1999,4.566,
3/26/1999,4.625,
3/29/1999,4.746,
3/30/1999,4.381,
3/31/1999,4.567,
4/1/1999,4.456,
4/2/1999,4.617,
4/5/1999,4.420,
4/6/1999,0.000,
4/7/1999,0.000,
4/8/1999,0.000,
4/9/1999,0.000,
4/12/1999,0.000,
4/13/1999,0.000,
4/14/1999,0.000,
4/15/1999,0.000,
4/16/1999,0.000,
4/19/1999,0.000,
4/20/1999,0.000,
4/21/1999,0.000,
4/22/1999,0.000,
4/23/1999,0.000,
4/26/1999,4.365,
4/27/1999,4.425,
4/28/1999,0.000,
4/29/1999,0.000,
4/30/1999,4.444,
5/3/1999,4.494,
5/4/1999,0.000,
5/5/1999,0.000,
5/6/1999,0.000,
5/7/1999,0.000,
5/10/1999,0.000,
5/11/1999,0.000,
5/12/1999,0.000,
5/13/1999,0.000,
5/14/1999,0.000,
5/17/1999,0.000,
5/18/1999,0.000,
5/19/1999,0.000,
5/20/1999,0.000,
5/21/1999,4.326,
5/24/1999,0.000,
5/25/1999,0.000,
5/26/1999,0.000,
5/27/1999,0.000,
5/28/1999,4.564,
5/31/1999,4.573,
6/1/1999,4.298,
6/2/1999,4.167,
6/3/1999,4.106,
6/4/1999,3.646,
6/7/1999,3.812,
6/8/1999,3.643,
6/9/1999,3.558,
6/10/1999,3.518,
6/11/1999,3.090,
6/14/1999,3.419,
6/15/1999,3.313,
6/16/1999,3.192,
6/17/1999,3.263,
6/18/1999,2.839,
6/21/1999,3.544,
6/22/1999,3.869,
6/23/1999,3.013,
6/24/1999,2.974,
6/25/1999,3.287,
6/28/1999,2.190,
6/29/1999,0.548,
6/30/1999,4.462,
7/1/1999,4.311,
7/2/1999,4.384,
7/5/1999,4.535,
7/6/1999,4.151,
7/7/1999,4.142,
7/8/1999,4.132,
7/9/1999,3.864,
7/12/1999,4.194,
7/13/1999,4.233,
7/14/1999,4.242,
7/15/1999,4.286,
7/16/1999,3.804,
7/19/1999,4.195,
7/20/1999,4.159,
7/21/1999,4.022,
7/22/1999,4.047,
7/23/1999,4.477,
7/26/1999,4.129,
7/27/1999,4.141,
7/28/1999,4.019,
7/29/1999,3.809,
7/30/1999,1.826,
7/31/1999,5.084,
8/2/1999,4.322,
8/3/1999,4.162,
8/4/1999,4.141,
8/5/1999,4.117,
8/6/1999,3.943,
8/9/1999,4.389,
8/10/1999,4.324,
8/11/1999,4.253,
8/12/1999,4.123,
8/13/1999,3.576,
8/16/1999,3.753,
8/17/1999,3.827,
8/18/1999,4.057,
8/19/1999,3.796,
8/20/1999,3.072,
8/23/1999,3.664,
8/24/1999,3.796,
8/25/1999,4.478,
8/26/1999,4.050,
8/27/1999,2.319,
8/30/1999,3.051,
8/31/1999,4.582,
9/1/1999,4.306,
9/2/1999,4.249,
9/3/1999,3.779,
9/6/1999,4.251,
9/7/1999,4.180,
9/8/1999,4.153,
9/9/1999,4.088,
9/10/1999,3.686,
9/13/1999,4.142,
9/14/1999,4.079,
9/15/1999,4.008,
9/16/1999,4.058,
9/17/1999,3.298,
9/20/1999,3.920,
9/21/1999,3.867,
9/22/1999,3.938,
9/23/1999,4.469,
9/24/1999,2.380,
9/27/1999,3.295,
9/28/1999,5.199,
9/29/1999,0.000,
9/30/1999,4.562,
10/1/1999,4.563,
10/4/1999,4.592,
10/5/1999,4.482,
10/6/1999,4.357,
10/7/1999,4.354,
10/8/1999,3.793,
10/11/1999,4.267,
10/12/1999,4.292,
10/13/1999,4.220,
10/14/1999,4.246,
10/15/1999,3.814,
10/18/1999,4.250,
10/19/1999,4.309,
10/20/1999,0.000,
10/21/1999,0.000,
10/22/1999,0.000,
10/25/1999,0.000,
10/26/1999,0.000,
10/27/1999,0.000,
10/28/1999,0.000,
10/29/1999,0.000,
10/31/1999,4.555,
11/1/1999,4.519,
11/2/1999,4.334,
11/3/1999,0.000,
11/4/1999,0.000,
11/5/1999,0.000,
11/8/1999,0.000,
11/9/1999,0.000,
11/10/1999,0.000,
11/11/1999,0.000,
11/12/1999,0.000,
11/15/1999,0.000,
11/16/1999,0.000,
11/17/1999,0.000,
11/18/1999,0.000,
11/19/1999,0.000,
11/22/1999,4.141,
11/23/1999,4.601,
11/24/1999,3.388,
11/25/1999,3.872,
11/26/1999,2.197,
11/29/1999,4.272,
11/30/1999,5.058,
12/1/1999,4.872,
12/2/1999,4.809,
12/3/1999,4.788,
12/6/1999,4.727,
12/7/1999,4.678,
12/8/1999,4.674,
12/9/1999,4.783,
12/10/1999,4.272,
12/13/1999,4.653,
12/14/1999,4.632,
12/15/1999,4.608,
12/16/1999,4.653,
12/17/1999,4.134,
12/20/1999,4.691,
12/21/1999,4.618,
12/22/1999,4.559,
12/23/1999,3.341,
12/24/1999,3.599,
12/27/1999,3.837,
12/28/1999,3.816,
12/29/1999,3.333,
12/30/1999,2.661,
12/31/1999,5.156,
1/3/2000,4.824,
1/4/2000,4.874,
1/5/2000,4.864,
1/6/2000,4.920,
1/7/2000,4.544,
1/10/2000,4.959,
1/11/2000,4.967,
1/12/2000,4.992,
1/13/2000,4.985,
1/14/2000,4.189,
1/17/2000,4.928,
1/18/2000,4.892,
1/19/2000,4.779,
1/20/2000,4.623,
1/21/2000,3.852,
1/24/2000,4.568,
1/25/2000,4.547,
1/26/2000,4.547,
1/27/2000,4.436,
1/28/2000,2.739,
1/31/2000,5.230,
2/1/2000,5.121,
2/2/2000,5.081,
2/3/2000,5.184,
2/4/2000,4.707,
2/7/2000,5.095,
2/8/2000,5.012,
2/9/2000,4.989,
2/10/2000,5.016,
2/11/2000,4.458,
2/14/2000,4.942,
2/15/2000,4.998,
2/16/2000,4.963,
2/17/2000,4.977,
2/18/2000,3.693,
2/21/2000,4.801,
2/22/2000,4.764,
2/23/2000,4.717,
2/24/2000,4.553,
2/25/2000,2.685,
2/28/2000,3.539,
2/29/2000,5.431,
3/1/2000,5.448,
3/2/2000,5.128,
3/3/2000,4.844,
3/6/2000,5.134,
3/7/2000,5.306,
3/8/2000,5.158,
3/9/2000,5.144,
3/10/2000,4.761,
3/13/2000,4.988,
3/14/2000,4.948,
3/15/2000,4.839,
3/16/2000,4.894,
3/17/2000,4.495,
3/20/2000,5.093,
3/21/2000,5.159,
3/22/2000,4.988,
3/23/2000,4.950,
3/24/2000,5.297,
3/27/2000,5.243,
3/28/2000,4.641,
3/29/2000,5.267,
3/30/2000,4.553,
3/31/2000,5.366,
4/3/2000,5.718,
4/4/2000,5.663,
4/5/2000,5.590,
4/6/2000,5.566,
4/7/2000,5.048,
4/10/2000,5.464,
4/11/2000,5.493,
4/12/2000,5.458,
4/13/2000,5.437,
4/14/2000,4.844,
4/17/2000,5.288,
4/18/2000,5.296,
4/19/2000,5.296,
4/20/2000,5.502,
4/24/2000,5.462,
4/25/2000,5.457,
4/26/2000,5.267,
4/27/2000,5.234,
4/28/2000,5.312,
4/30/2000,5.678,
5/1/2000,5.373,
5/2/2000,5.121,
5/3/2000,5.272,
5/4/2000,5.302,
5/5/2000,5.348,
5/8/2000,5.433,
5/9/2000,5.525,
5/10/2000,5.441,
5/11/2000,5.297,
5/12/2000,5.175,
5/15/2000,5.331,
5/16/2000,5.250,
5/17/2000,5.110,
5/18/2000,4.950,
5/19/2000,4.681,
5/22/2000,4.681,
5/23/2000,4.927,
5/24/2000,5.084,
5/25/2000,5.024,
5/26/2000,5.024,
5/29/2000,5.024,
5/30/2000,5.309,
5/31/2000,4.945,
6/1/2000,4.569,
6/2/2000,4.899,
6/5/2000,5.123,
6/6/2000,5.429,
6/7/2000,5.196,
6/8/2000,5.157,
6/9/2000,5.157,
6/12/2000,5.372,
6/13/2000,5.093,
6/14/2000,5.106,
6/15/2000,5.157,
6/16/2000,5.194,
6/19/2000,5.180,
6/20/2000,5.250,
6/21/2000,5.184,
6/22/2000,5.134,
6/23/2000,5.162,
6/26/2000,5.241,
6/27/2000,5.294,
6/28/2000,5.038,
6/29/2000,5.077,
6/30/2000,5.681,
7/3/2000,5.694,
7/4/2000,5.687,
7/5/2000,5.527,
7/6/2000,5.764,
7/7/2000,5.731,
7/10/2000,5.710,
7/11/2000,5.701,
7/12/2000,5.860,
7/13/2000,5.911,
7/14/2000,5.930,
7/17/2000,6.002,
7/18/2000,6.032,
7/19/2000,6.017,
7/20/2000,6.053,
7/21/2000,6.066,
7/24/2000,6.122,
7/25/2000,6.006,
7/26/2000,5.909,
7/27/2000,5.863,
7/28/2000,5.862,
7/31/2000,5.881,
8/1/2000,5.967,
8/2/2000,5.994,
8/3/2000,6.024,
8/4/2000,6.015,
8/7/2000,6.001,
8/8/2000,6.022,
8/9/2000,6.178,
8/10/2000,6.105,
8/11/2000,6.171,
8/14/2000,6.137,
8/15/2000,6.107,
8/16/2000,6.148,
8/17/2000,6.063,
8/18/2000,6.106,
8/21/2000,6.106,
8/22/2000,5.970,
8/23/2000,5.985,
8/24/2000,5.847,
8/25/2000,5.846,
8/28/2000,5.965,
8/29/2000,6.025,
8/30/2000,0.000,
8/31/2000,6.221,
9/1/2000,6.176,
9/4/2000,6.178,
9/5/2000,6.114,
9/6/2000,6.058,
9/7/2000,6.116,
9/8/2000,6.043,
9/11/2000,5.985,
9/12/2000,5.974,
9/13/2000,5.978,
9/14/2000,6.017,
9/15/2000,6.061,
9/18/2000,6.029,
9/19/2000,6.016,
9/20/2000,6.001,
9/21/2000,5.906,
9/22/2000,5.909,
9/25/2000,5.813,
9/26/2000,5.848,
9/27/2000,5.665,
9/28/2000,5.638,
9/29/2000,5.663,
9/30/2000,5.972,
10/2/2000,5.857,
10/3/2000,5.893,
10/4/2000,5.969,
10/5/2000,5.985,
10/6/2000,6.043,
10/9/2000,6.031,
10/10/2000,6.101,
10/11/2000,6.061,
10/12/2000,6.017,
10/13/2000,6.024,
10/16/2000,6.072,
10/17/2000,6.038,
10/18/2000,6.050,
10/19/2000,6.089,
10/20/2000,6.021,
10/23/2000,6.069,
10/24/2000,6.093,
10/25/2000,5.985,
10/26/2000,6.056,
10/27/2000,5.602,
10/30/2000,5.599,
10/31/2000,6.221,
11/1/2000,6.260,
11/2/2000,6.259,
11/3/2000,6.269,
11/6/2000,6.291,
11/7/2000,6.217,
11/8/2000,6.215,
11/9/2000,6.186,
11/10/2000,6.141,
11/13/2000,6.155,
11/14/2000,6.214,
11/15/2000,6.229,
11/16/2000,6.209,
11/17/2000,6.188,
11/20/2000,6.197,
11/21/2000,6.101,
11/22/2000,6.115,
11/23/2000,6.106,
11/24/2000,6.151,
11/27/2000,6.159,
11/28/2000,6.191,
11/29/2000,6.139,
11/30/2000,6.153,
12/1/2000,6.084,
12/4/2000,5.993,
12/5/2000,5.946,
12/6/2000,5.947,
12/7/2000,5.856,
12/8/2000,5.868,
12/11/2000,5.817,
12/12/2000,5.830,
12/13/2000,5.860,
12/14/2000,5.876,
12/15/2000,5.820,
12/18/2000,5.699,
12/19/2000,5.549,
12/20/2000,5.429,
12/21/2000,4.662,
12/22/2000,4.597,
12/26/2000,5.253,
12/27/2000,4.305,
12/28/2000,5.077,
12/29/2000,6.351,
12/31/2000,5.805,
1/2/2001,5.798,
1/3/2001,5.718,
1/4/2001,5.460,
1/5/2001,5.417,
1/8/2001,5.433,
1/9/2001,5.525,
1/10/2001,5.575,
1/11/2001,5.630,
1/12/2001,5.488,
1/15/2001,5.504,
1/16/2001,5.411,
1/17/2001,5.380,
1/18/2001,5.370,
1/19/2001,5.303,
1/22/2001,5.388,
1/23/2001,5.457,
1/24/2001,5.497,
1/25/2001,5.601,
1/26/2001,5.373,
1/29/2001,5.493,
1/30/2001,5.309,
1/31/2001,4.839,
2/1/2001,4.914,
2/2/2001,4.994,
2/5/2001,5.014,
2/6/2001,5.021,
2/7/2001,5.004,
2/8/2001,4.999,
2/9/2001,4.952,
2/12/2001,4.959,
2/13/2001,4.967,
2/14/2001,4.926,
2/15/2001,4.933,
2/16/2001,4.776,
2/19/2001,4.756,
2/20/2001,4.824,
2/21/2001,4.828,
2/22/2001,5.015,
2/23/2001,4.781,
2/26/2001,4.824,
2/27/2001,4.832,
2/28/2001,4.962,
3/1/2001,4.967,
3/2/2001,4.972,
3/5/2001,4.942,
3/6/2001,4.935,
3/7/2001,4.928,
3/8/2001,4.854,
3/9/2001,4.871,
3/12/2001,4.806,
3/13/2001,4.855,
3/14/2001,4.742,
3/15/2001,4.723,
3/16/2001,4.757,
3/19/2001,4.777,
3/20/2001,4.663,
3/21/2001,4.583,
3/22/2001,4.440,
3/23/2001,4.500,
3/26/2001,4.568,
3/27/2001,4.629,
3/28/2001,4.430,
3/29/2001,4.123,
3/30/2001,4.079,
3/31/2001,4.620,
4/2/2001,4.420,
4/3/2001,4.335,
4/4/2001,4.193,
4/5/2001,4.093,
4/6/2001,3.905,
4/9/2001,3.919,
4/10/2001,3.930,
4/11/2001,4.058,
4/12/2001,4.112,
4/16/2001,4.130,
4/17/2001,4.045,
4/18/2001,3.900,
4/19/2001,3.838,
4/20/2001,3.767,
4/23/2001,3.763,
4/24/2001,3.735,
4/25/2001,3.790,
4/26/2001,3.705,
4/27/2001,3.835,
4/30/2001,3.815,
5/1/2001,3.759,
5/2/2001,3.838,
5/3/2001,3.805,
5/4/2001,3.728,
5/7/2001,3.812,
5/8/2001,3.866,
5/9/2001,3.841,
5/10/2001,3.867,
5/11/2001,3.859,
5/14/2001,3.764,
5/15/2001,3.679,
5/16/2001,3.582,
5/17/2001,3.524,
5/18/2001,3.627,
5/21/2001,3.763,
5/22/2001,3.735,
5/23/2001,3.744,
5/24/2001,3.757,
5/25/2001,3.713,
5/28/2001,3.773,
5/29/2001,3.651,
5/30/2001,3.650,
5/31/2001,3.463,
6/1/2001,3.479,
6/4/2001,3.496,
6/5/2001,3.502,
6/6/2001,3.483,
6/7/2001,3.503,
6/8/2001,3.524,
6/11/2001,3.460,
6/12/2001,3.403,
6/13/2001,3.392,
6/14/2001,3.396,
6/15/2001,3.346,
6/18/2001,3.312,
6/19/2001,3.313,
6/20/2001,3.338,
6/21/2001,3.341,
6/22/2001,3.261,
6/25/2001,3.288,
6/26/2001,3.288,
6/27/2001,3.105,
6/28/2001,3.183,
6/29/2001,3.043,
6/30/2001,3.414,
7/2/2001,3.460,
7/3/2001,3.453,
7/4/2001,3.458,
7/5/2001,3.424,
7/6/2001,3.402,
7/9/2001,3.369,
7/10/2001,3.467,
7/11/2001,3.392,
7/12/2001,3.431,
7/13/2001,3.456,
7/16/2001,3.462,
7/17/2001,3.450,
7/18/2001,3.363,
7/19/2001,3.472,
7/20/2001,3.458,
7/23/2001,3.471,
7/24/2001,3.450,
7/25/2001,3.562,
7/26/2001,3.653,
7/27/2001,3.591,
7/30/2001,3.651,
7/31/2001,3.634,
8/1/2001,3.582,
8/2/2001,3.621,
8/3/2001,3.608,
8/6/2001,3.614,
8/7/2001,3.637,
8/8/2001,3.623,
8/9/2001,3.608,
8/10/2001,3.606,
8/13/2001,3.613,
8/14/2001,3.547,
8/15/2001,3.541,
8/16/2001,3.501,
8/17/2001,3.474,
8/20/2001,3.484,
8/21/2001,3.473,
8/22/2001,3.460,
8/23/2001,3.498,
8/24/2001,3.486,
8/27/2001,3.507,
8/28/2001,3.531,
8/29/2001,3.516,
8/30/2001,3.496,
8/31/2001,3.414,
9/3/2001,3.413,
9/4/2001,3.490,
9/5/2001,3.483,
9/6/2001,3.451,
9/7/2001,3.429,
9/10/2001,3.399,
9/14/2001,2.632,
9/17/2001,2.429,
9/18/2001,2.329,
9/19/2001,2.070,
9/20/2001,2.035,
9/21/2001,2.136,
9/24/2001,2.447,
9/25/2001,2.800,
9/26/2001,2.739,
9/27/2001,2.713,
9/28/2001,2.800,
9/30/2001,2.464,
10/1/2001,2.312,
10/2/2001,2.218,
10/3/2001,2.244,
10/4/2001,2.233,
10/5/2001,2.207,
10/8/2001,2.208,
10/9/2001,2.273,
10/10/2001,2.309,
10/11/2001,2.332,
10/12/2001,2.321,
10/15/2001,2.300,
10/16/2001,2.306,
10/17/2001,2.314,
10/18/2001,2.322,
10/19/2001,2.304,
10/22/2001,2.338,
10/23/2001,2.354,
10/24/2001,2.328,
10/25/2001,2.400,
10/26/2001,2.373,
10/29/2001,2.434,
10/30/2001,2.373,
10/31/2001,2.103,
11/1/2001,2.142,
11/2/2001,2.054,
11/5/2001,2.076,
11/6/2001,1.962,
11/7/2001,1.916,
11/8/2001,1.945,
11/9/2001,1.936,
11/12/2001,1.934,
11/13/2001,1.954,
11/14/2001,2.010,
11/15/2001,2.036,
11/16/2001,2.065,
11/19/2001,1.999,
11/20/2001,2.009,
11/21/2001,1.997,
11/22/2001,1.983,
11/23/2001,1.995,
11/26/2001,2.009,
11/27/2001,1.988,
11/28/2001,2.008,
11/29/2001,1.982,
11/30/2001,1.720,
12/3/2001,1.757,
12/4/2001,1.791,
12/5/2001,1.752,
12/6/2001,1.749,
12/7/2001,1.678,
12/10/2001,1.675,
12/11/2001,1.668,
12/12/2001,1.677,
12/13/2001,1.688,
12/14/2001,1.735,
12/17/2001,1.698,
12/18/2001,1.689,
12/19/2001,1.680,
12/20/2001,1.670,
12/21/2001,1.658,
12/24/2001,1.607,
12/26/2001,1.689,
12/27/2001,1.774,
12/28/2001,1.704,
12/31/2001,1.686,
1/2/2002,1.739,
1/3/2002,1.723,
1/4/2002,1.719,
1/7/2002,1.690,
1/8/2002,1.700,
1/9/2002,1.711,
1/10/2002,1.705,
1/11/2002,1.607,
1/14/2002,1.676,
1/15/2002,1.689,
1/16/2002,1.680,
1/17/2002,1.644,
1/18/2002,1.629,
1/21/2002,1.643,
1/22/2002,1.664,
1/23/2002,1.689,
1/24/2002,1.617,
1/25/2002,1.643,
1/28/2002,1.704,
1/29/2002,1.643,
1/30/2002,0.365,
1/31/2002,1.734,
2/1/2002,1.688,
2/4/2002,1.698,
2/5/2002,1.718,
2/6/2002,1.701,
2/7/2002,1.710,
2/8/2002,1.692,
2/11/2002,1.721,
2/12/2002,1.748,
2/13/2002,1.744,
2/14/2002,1.722,
2/15/2002,1.717,
2/18/2002,1.717,
2/19/2002,1.735,
2/20/2002,1.729,
2/21/2002,1.722,
2/22/2002,1.742,
2/25/2002,1.753,
2/26/2002,1.745,
2/27/2002,1.734,
2/28/2002,1.745,
3/1/2002,1.764,
3/4/2002,1.769,
3/5/2002,1.779,
3/6/2002,1.752,
3/7/2002,1.762,
3/8/2002,1.760,
3/11/2002,1.797,
3/12/2002,1.779,
3/13/2002,1.761,
3/14/2002,1.810,
3/15/2002,1.772,
3/18/2002,1.762,
3/19/2002,1.758,
3/20/2002,1.802,
3/21/2002,1.722,
3/22/2002,1.770,
3/25/2002,1.753,
3/26/2002,1.785,
3/27/2002,1.734,
3/28/2002,1.669,
3/31/2002,1.725,
4/1/2002,1.792,
4/2/2002,1.779,
4/3/2002,1.765,
4/4/2002,1.762,
4/5/2002,1.746,
4/8/2002,1.721,
4/9/2002,1.748,
4/10/2002,1.711,
4/11/2002,1.705,
4/12/2002,1.699,
4/15/2002,1.698,
4/16/2002,1.712,
4/17/2002,1.680,
4/18/2002,1.670,
4/19/2002,1.686,
4/22/2002,1.643,
4/23/2002,1.623,
4/24/2002,1.643,
4/25/2002,1.617,
4/26/2002,1.704,
4/29/2002,1.704,
4/30/2002,1.749,
5/1/2002,1.747,
5/2/2002,1.755,
5/3/2002,1.742,
5/6/2002,1.781,
5/7/2002,1.742,
5/8/2002,1.752,
5/9/2002,1.736,
5/10/2002,1.733,
5/13/2002,1.766,
5/14/2002,1.764,
5/15/2002,1.744,
5/16/2002,1.740,
5/17/2002,1.717,
5/20/2002,1.698,
5/21/2002,1.712,
5/22/2002,1.680,
5/23/2002,1.696,
5/24/2002,1.686,
5/27/2002,2.191,
5/28/2002,1.704,
5/29/2002,1.689,
5/30/2002,1.669,
5/31/2002,1.692,
6/3/2002,1.702,
6/4/2002,1.733,
6/5/2002,1.742,
6/6/2002,1.727,
6/7/2002,1.736,
6/10/2002,1.740,
6/11/2002,1.736,
6/12/2002,1.732,
6/13/2002,1.727,
6/14/2002,1.688,
6/17/2002,1.725,
6/18/2002,1.719,
6/19/2002,1.689,
6/20/2002,1.729,
6/21/2002,1.696,
6/24/2002,1.660,
6/25/2002,1.680,
6/26/2002,1.664,
6/27/2002,1.689,
6/28/2002,1.721,
6/30/2002,1.771,
7/1/2002,1.698,
7/2/2002,1.694,
7/3/2002,1.701,
7/4/2002,1.710,
7/5/2002,1.719,
7/8/2002,1.721,
7/9/2002,1.700,
7/10/2002,1.727,
7/11/2002,1.722,
7/12/2002,1.717,
7/15/2002,1.719,
7/16/2002,1.712,
7/17/2002,1.705,
7/18/2002,1.696,
7/19/2002,1.686,
7/22/2002,1.716,
7/23/2002,1.745,
7/24/2002,1.689,
7/25/2002,1.721,
7/26/2002,1.704,
7/29/2002,1.704,
7/30/2002,1.643,
7/31/2002,1.696,
8/1/2002,1.671,
8/2/2002,1.613,
8/5/2002,1.663,
8/6/2002,1.706,
8/7/2002,1.664,
8/8/2002,1.671,
8/9/2002,1.678,
8/12/2002,1.675,
8/13/2002,1.668,
8/14/2002,1.677,
8/15/2002,1.653,
8/16/2002,1.662,
8/19/2002,1.698,
8/20/2002,1.804,
8/21/2002,1.924,
8/22/2002,1.670,
8/23/2002,1.658,
8/26/2002,1.680,
8/27/2002,1.704,
8/28/2002,1.689,
8/29/2002,1.721,
8/30/2002,1.721,
8/31/2002,1.710,
9/2/2002,1.710,
9/3/2002,1.657,
9/4/2002,1.689,
9/5/2002,1.671,
9/6/2002,1.678,
9/9/2002,1.705,
9/10/2002,1.700,
9/11/2002,1.711,
9/12/2002,1.705,
9/13/2002,1.681,
9/16/2002,1.698,
9/17/2002,1.667,
9/18/2002,1.656,
9/19/2002,1.644,
9/20/2002,1.629,
9/23/2002,1.643,
9/24/2002,1.664,
9/25/2002,1.643,
9/26/2002,1.617,
9/27/2002,1.582,
9/30/2002,1.604,
10/1/2002,1.620,
10/2/2002,1.613,
10/3/2002,1.579,
10/4/2002,1.597,
10/7/2002,1.614,
10/8/2002,1.604,
10/9/2002,1.611,
10/10/2002,1.601,
10/11/2002,1.589,
10/14/2002,1.870,
10/15/2002,1.667,
10/16/2002,1.607,
10/17/2002,1.617,
10/18/2002,1.601,
10/21/2002,1.643,
10/22/2002,1.623,
10/23/2002,1.643,
10/24/2002,1.565,
10/25/2002,1.582,
10/28/2002,1.582,
10/29/2002,1.460,
10/30/2002,0.365,
10/31/2002,1.441,
11/1/2002,1.430,
11/4/2002,1.438,
11/5/2002,1.450,
11/6/2002,1.235,
11/7/2002,1.200,
11/8/2002,1.191,
11/11/2002,1.340,
11/12/2002,1.191,
11/13/2002,1.195,
11/14/2002,1.200,
11/15/2002,1.224,
11/18/2002,1.225,
11/19/2002,1.233,
11/20/2002,1.217,
11/21/2002,1.200,
11/22/2002,1.208,
11/25/2002,1.241,
11/26/2002,1.258,
11/27/2002,1.232,
11/28/2002,1.232,
11/29/2002,1.217,
11/30/2002,1.215,
12/2/2002,1.214,
12/3/2002,1.230,
12/4/2002,1.222,
12/5/2002,1.227,
12/6/2002,1.218,
12/9/2002,1.233,
12/10/2002,1.223,
12/11/2002,1.212,
12/12/2002,1.200,
12/13/2002,1.205,
12/16/2002,1.203,
12/17/2002,1.210,
12/18/2002,1.193,
12/19/2002,1.174,
12/20/2002,1.152,
12/23/2002,1.132,
12/24/2002,1.136,
12/26/2002,1.147,
12/27/2002,0.852,
12/30/2002,0.973,
12/31/2002,1.146,
